DELETE FROM Alumno;
DELETE FROM Empresa;
DELETE FROM Curriculum;
DELETE FROM Recibir;
DELETE FROM Tecnologia;
DELETE FROM Buscar;
DELETE FROM Dominar;
DELETE FROM Evaluacion_interna;


<<<<<<< HEAD
INSERT INTO Alumno VALUES (34892751C, 'Juan', 'Perez', true,'123456789', 'Informática', '1º ASIX', 123456789);
INSERT INTO Alumno VALUES (34812322W, 'Maria', 'Gomez', true, '987654321', 'Informática', '1º DAW', 987654321, '2023-09-02', '2024-05-22', 'En proceso', 'Jose');
INSERT INTO Alumno VALUES (34295423W, 'Luis', 'Lopez', true, '456789123', 'Informática', '1º ASIX', 456789123);
INSERT INTO Alumno VALUES (34812324J, 'Ana', 'Martinez', true, '789123456', 'Informática', '1º DAW', 789123456, '2023-09-05', '2024-07-21', 'En proceso', 'Carlos');
INSERT INTO Alumno VALUES (34870225M, 'Carlos', 'Garcia', true  , '321654987', 'Informática', '1º ASIX', 321654987, '2023-09-01', '2024-06-30', 'En proceso', 'Lucia');
INSERT INTO Alumno VALUES (34812326W, 'Lucia', 'Sanchez', true, '654987321', 'Informática', '1º DAW', 654987321, '2023-12-07', '2024-09-27', 'Finalizado', 'Miguel');
INSERT INTO Alumno VALUES (34812327S, 'Miguel', 'Diaz', true, '789456123', 'Informática', '1º DAM', 789456123);
INSERT INTO Alumno VALUES (34738328W, 'Sofia', 'Fernandez', true, '321789654', 'Informática', '1º DAW', 321789654, '2023-07-14', '2024-11-22', 'En proceso', 'David');
INSERT INTO Alumno VALUES (34812329W, 'David', 'Gonzalez', true, '654321789', 'Informática', '1º DAW', 654321789, '2023-09-10', '2024-07-26', 'En proceso', 'Laura');
INSERT INTO Alumno VALUES (34812330W, 'Laura', 'Rodriguez', true, '987321654', 'Informática', '1º DAM', 987321654, '2023-06-07', '2024-06-30', 'En proceso', 'Javier');
INSERT INTO Alumno VALUES (34812331W, 'Javier', 'Sanchez', true, '123789456', 'Informática', '1º DAW', 123789456);
INSERT INTO Alumno VALUES (34812332W, 'Sara', 'Lopez', true, '789321654', 'Informática', '1º DAW', 789321654, '2023-11-11', '2024-09-25', 'En proceso', 'Alberto');
INSERT INTO Alumno VALUES (34812333W, 'Alberto', 'Martinez', true, '321456789', 'Informática', '1º ASIX', 321456789, '2023-09-01', '2024-01-12', 'En proceso', 'Marta');
INSERT INTO Alumno VALUES (34812334E, 'Marta', 'Garcia', true, '654123789', 'Informática', '1º ASIX', 654123789, '2023-09-10', '2024-02-28', 'En proceso', 'Pablo');
INSERT INTO Alumno VALUES (34812335W, 'Pablo', 'Sanchez', true, '987654321', 'Informática', '1º DAW', 987654321);
INSERT INTO Alumno VALUES (34813212Z, 'Sofia', 'Diaz', true, '123456789', 'Informática', '1º DAM', 123456789, '2023-10-23', '2024-10-24', 'En proceso', 'Miguel');
INSERT INTO Alumno VALUES (34812337W, 'Miguel', 'Fernandez', true, '456789123', 'Informática', '1º DAW', 456789123, '2023-09-02', '2024-03-23', 'En proceso', 'Carlos');
INSERT INTO Alumno VALUES (34812338W, 'Carlos', 'Gonzalez', true, '789123456', 'Informática', '1º DAW', 789123456, '2023-09-07', '2024-05-14', 'En proceso', 'Ana');
INSERT INTO Alumno VALUES (34802859H, 'Ana', 'Rodriguez', true, '321654987', 'Informática', '1º DAM', 321654987);
INSERT INTO Alumno VALUES (34817840T, 'Lucia', 'Sanchez', true, '654987321', 'Informática', '1º DAW', 654987321);
=======
>>>>>>> 9b8ae94b007f4ab4a5f5836e0ea39d483688bd65

INSERT INTO Alumno VALUES ('34892751C', 'Juan', 'Perez', 'baixa', '123456789', 'Informática', '1º ASIX', 123456789, NULL, NULL, NULL, NULL);
INSERT INTO Alumno VALUES ('34812322W', 'Maria', 'Gomez', 'actiu', '987654321', 'Informática', '1º DAW', 987654321, '2023-09-16', '2023-09-25', 'confirmada', 'Jose');
INSERT INTO Alumno VALUES ('34295423W', 'Luis', 'Lopez', 'baixa', '456789123', 'Informática', '1º ASIX', 456789123, NULL, NULL, NULL, NULL);
INSERT INTO Alumno VALUES ('34812324J', 'Ana', 'Martinez', 'actiu', '789123456', 'Informática', '1º DAW', 789123456, '2023-09-21', '2023-10-01', 'confirmada', 'Carlos');
INSERT INTO Alumno VALUES ('34870225M', 'Carlos', 'Garcia', 'actiu', '321654987', 'Informática', '1º ASIX', 321654987, '2023-09-24', '2023-10-08', 'confirmada', 'Lucia');
INSERT INTO Alumno VALUES ('34819182W', 'Lucia', 'Sanchez', 'actiu', '654987321', 'Informática', '1º DAW', 654987321, NULL, NULL, NULL, NULL);
INSERT INTO Alumno VALUES ('34812327S', 'Miguel', 'Diaz', 'baixa', '789456123', 'Informática', '1º DAM', 789456123, NULL, NULL, NULL, NULL);
INSERT INTO Alumno VALUES ('34738328W', 'Sofia', 'Fernandez', 'actiu', '321789654', 'Informática', '1º DAW', 321789654, NULL, NULL, NULL, NULL);
INSERT INTO Alumno VALUES ('34813291W', 'David', 'Gonzalez', 'actiu', '654321789', 'Informática', '1º DAW', 654321789, '2023-10-14', '2023-11-10', 'confirmada', 'Laura');
INSERT INTO Alumno VALUES ('34812330P', 'Laura', 'Rodriguez', 'actiu', '987321654', 'Informática', '1º DAM', 987321654, NULL, NULL, NULL, NULL);
INSERT INTO Alumno VALUES ('34812331W', 'Javier', 'Sanchez', 'baixa', '123789456', 'Informática', '1º DAW', 123789456, NULL, NULL, NULL, NULL);
INSERT INTO Alumno VALUES ('34812332W', 'Sara', 'Lopez', 'actiu', '789321654', 'Informática', '1º DAW', 789321654, NULL, NULL, NULL, NULL);
INSERT INTO Alumno VALUES ('34812830W', 'Alberto', 'Martinez', 'actiu', '321456789', 'Informática', '1º ASIX', 321456789, '2023-10-06', '2023-10-13', 'confirmada', 'Marta');
INSERT INTO Alumno VALUES ('34812334E', 'Marta', 'Garcia', 'actiu', '654123789', 'Informática', '1º ASIX', 654123789, '2023-10-03', '2023-10-15', 'confirmada', 'Pablo');
INSERT INTO Alumno VALUES ('34812335W', 'Pablo', 'Sanchez', 'baixa', '987654321', 'Informática', '1º DAW', 987654321, NULL, NULL, NULL, NULL);
INSERT INTO Alumno VALUES ('34813212Z', 'Sofia', 'Diaz', 'actiu', '123456789', 'Informática', '1º DAM', 123456789, NULL, NULL, NULL, NULL);
INSERT INTO Alumno VALUES ('34812337W', 'Miguel', 'Fernandez', 'actiu', '456789123', 'Informática', '1º DAW', 456789123, '2023-09-20', '2023-10-05', 'confirmada', 'Carlos');
INSERT INTO Alumno VALUES ('34812539P', 'Carlos', 'Gonzalez', 'actiu', '789123456', 'Informática', '1º DAW', 789123456, NULL, NULL, NULL, NULL);
INSERT INTO Alumno VALUES ('34802859H', 'Ana', 'Rodriguez', 'baixa', '321654987', 'Informática', '1º DAM', 321654987, NULL, NULL, NULL, NULL);
INSERT INTO Alumno VALUES ('34817840T', 'Lucia', 'Sanchez', 'baixa', '654987321', 'Informática', '1º DAW', 654987321, NULL, NULL, NULL, NULL);
INSERT INTO Alumno VALUES ('21753898S', 'David', 'Diaz', 'actiu', '789456123', 'Informática', '1º ASIX', 789456123, NULL, NULL, NULL, NULL);
INSERT INTO Alumno VALUES ('69641824D', 'Laura', 'Garcia', 'actiu', '321789654', 'Informática', '1º ASIX', 321789654, NULL, NULL, NULL, NULL);
INSERT INTO Alumno VALUES ('84662753Y', 'Pedro', 'Sanchez', 'actiu', '654321789', 'Informática', '1º ASIX', 654321789, NULL, NULL, NULL, NULL);
INSERT INTO Alumno VALUES ('87271607Q', 'Laura', 'Rodriguez', 'actiu', '987321654', 'Informática', '1º ASIX', 987321654, NULL, NULL, NULL, NULL);
INSERT INTO Alumno VALUES ('90592290M', 'Javier', 'Sanchez', 'actiu', '123789456', 'Informática', '1º ASIX', 123789456, NULL, NULL, NULL, NULL);
INSERT INTO Alumno VALUES ('81327694Q', 'Sofia', 'Lopez', 'actiu', '789321654', 'Informática', '1º ASIX', 789321654, NULL, NULL, NULL, NULL);
INSERT INTO Alumno VALUES ('62036990X', 'Alberto', 'Martinez', 'baixa', '321456789', 'Informática', '1º ASIX', 321456789, NULL, NULL, NULL, NULL);
INSERT INTO Alumno VALUES ('01924253G', 'Santiago', 'Abascal', 'actiu', '654123789', 'Informática', '1º ASIX', 654123789, '2023-10-06', '2024-06-30', 'confirmada', 'Pablo');

INSERT INTO Empresa VALUES ('A12345678', 'ambdues', 'Barcelona', 123456789, 'Tecnología', 'TechCorp');
INSERT INTO Empresa VALUES ('B98765432', 'intensiva', 'Barcelona', 987654321, 'Finanzas', 'FinanCorp');
INSERT INTO Empresa VALUES ('C45678912', 'general', 'Barcelona', 456789123, 'Salud', 'HealthCorp');
INSERT INTO Empresa VALUES ('D78912345', 'intensiva', 'Barcelona', 789123456, 'Educación', 'EduCorp');
INSERT INTO Empresa VALUES ('E32165498', 'intensiva', 'Barcelona', 321654987, 'Turismo', 'TourCorp');
INSERT INTO Empresa VALUES ('F65498732', 'ambdues', 'Barcelona', 654987321, 'Construcción', 'BuildCorp');
INSERT INTO Empresa VALUES ('G78945612', 'general', 'Barcelona', 789456123, 'Transporte', 'TransCorp');
INSERT INTO Empresa VALUES ('H32178965', 'general', 'Barcelona', 321789654, 'Energía', 'EnergyCorp');
INSERT INTO Empresa VALUES ('I65432178', 'intensiva', 'Barcelona', 654321789, 'Alimentación', 'FoodCorp');
INSERT INTO Empresa VALUES ('J98732165', 'ambdues', 'Barcelona', 987321654, 'Moda', 'FashionCorp');

INSERT INTO Curriculum VALUES (1, '34812322W', 'https://example.com/curriculum1', 'Resumen del curriculum 1', 'actiu', '1.0', '2023-09-01', '2023-09-15');
INSERT INTO Curriculum VALUES (2, '34812324J', 'https://example.com/curriculum2', 'Resumen del curriculum 2', 'actiu', '1.0', '2023-09-05', '2023-09-20');
INSERT INTO Curriculum VALUES (3, '34870225M', 'https://example.com/curriculum3', 'Resumen del curriculum 3', 'obsolet', '1.0', '2023-09-10', '2023-09-25');
INSERT INTO Curriculum VALUES (4, '34812539P', 'https://example.com/curriculum4', 'Resumen del curriculum 4', 'actiu', '1.0', '2023-09-15', '2023-09-30');
INSERT INTO Curriculum VALUES (5, '34812337W', 'https://example.com/curriculum5', 'Resumen del curriculum 5', 'actiu', '1.0', '2023-09-20', '2023-10-05');
INSERT INTO Curriculum VALUES (6, '34813212Z', 'https://example.com/curriculum6', 'Resumen del curriculum 6', 'obsolet', '1.0', '2023-09-25', '2023-10-10');
INSERT INTO Curriculum VALUES (7, '34812334E', 'https://example.com/curriculum7', 'Resumen del curriculum 7', 'actiu', '1.0', '2023-10-01', '2023-10-15');
INSERT INTO Curriculum VALUES (8, '01924253G', 'https://example.com/curriculum8', 'Resumen del curriculum 8', 'actiu', '1.0', '2023-10-05', '2023-10-20');
INSERT INTO Curriculum VALUES (9, '34812830W', 'https://example.com/curriculum9', 'Resumen del curriculum 9', 'obsolet', '1.0', '2023-10-10', '2023-10-25');
INSERT INTO Curriculum VALUES (10, '34812332W', 'https://example.com/curriculum10', 'Resumen del curriculum 10', 'actiu', '1.0', '2023-10-15', '2023-10-30');
INSERT INTO Curriculum VALUES (11, '34812330P', 'https://example.com/curriculum11', 'Resumen del curriculum 11', 'actiu', '1.0', '2023-10-20', '2023-11-05');
INSERT INTO Curriculum VALUES (12, '34813291W', 'https://example.com/curriculum12', 'Resumen del curriculum 12', 'obsolet', '1.0', '2023-10-25', '2023-11-10');
INSERT INTO Curriculum VALUES (13, '34738328W', 'https://example.com/curriculum13', 'Resumen del curriculum 13', 'actiu', '1.0', '2023-11-01', '2023-11-15');
INSERT INTO Curriculum VALUES (14, '34819182W', 'https://example.com/curriculum14', 'Resumen del curriculum 14', 'actiu', '1.0', '2023-11-05', '2023-11-20');
INSERT INTO Curriculum VALUES (15, '81327694Q', 'https://example.com/curriculum15', 'Resumen del curriculum 15', 'obsolet', '1.0', '2023-11-10', '2023-11-25');
INSERT INTO Curriculum VALUES (16, '90592290M', 'https://example.com/curriculum16', 'Resumen del curriculum 16', 'actiu', '1.0', '2023-11-15', '2023-11-30');
INSERT INTO Curriculum VALUES (17, '87271607Q', 'https://example.com/curriculum17', 'Resumen del curriculum 17', 'actiu', '1.0', '2023-11-20', '2023-12-05');
INSERT INTO Curriculum VALUES (18, '84662753Y', 'https://example.com/curriculum18', 'Resumen del curriculum 18', 'obsolet', '1.0', '2023-11-25', '2023-12-10');
INSERT INTO Curriculum VALUES (19, '69641824D', 'https://example.com/curriculum19', 'Resumen del curriculum 19', 'actiu', '1.0', '2023-12-01', '2023-12-15');
INSERT INTO Curriculum VALUES (20, '69641824D', 'https://example.com/curriculum20', 'Resumen del curriculum 20', 'actiu', '1.0', '2023-12-05', '2023-12-20');

INSERT INTO Recibir VALUES (1, 'A12345678', 'CV enviat per email', '2023-09-20', '2023-09-25', 8.75, 'acceptat', '2023-09-16');
INSERT INTO Recibir VALUES (1, 'B98765432', 'Contacte telefònic', NULL, '2023-09-28', 4.20, 'rebutjat', '2023-09-17');
INSERT INTO Recibir VALUES (2, 'C45678912', 'Entrevista presencial', '2023-09-25', '2023-10-01', 9.12, 'acceptat', '2023-09-21');
INSERT INTO Recibir VALUES (2, 'D78912345', 'Seguiment per correu', NULL, NULL, 6.40, 'rebutjat', '2023-09-22');
INSERT INTO Recibir VALUES (3, 'F65498732', 'Entrevista online', '2023-09-30', '2023-10-08', 7.90, 'acceptat', '2023-09-24');
INSERT INTO Recibir VALUES (3, 'E32165498', 'Contacte via LinkedIn', NULL, '2023-10-06', 3.85, 'rebutjat', '2023-09-23');
INSERT INTO Recibir VALUES (4, 'G78945612', 'Primera entrevista', '2023-10-02', '2023-10-09', 8.60, 'entrevista', '2023-09-26');
INSERT INTO Recibir VALUES (4, 'H32178965', 'Entrevista tècnica', NULL, NULL, 6.95, 'vist', '2023-09-27');
INSERT INTO Recibir VALUES (5, 'I65432178', 'Confirmació per correu', '2023-10-06', '2023-10-13', 9.40, 'acceptat', '2023-09-28');
INSERT INTO Recibir VALUES (5, 'J98732165', 'Entrevista grupal', '2023-10-08', '2023-10-15', 5.10, 'vist', '2023-09-29');
INSERT INTO Recibir VALUES (6, 'B98765432', 'Entrevista RRHH', '2023-10-12', NULL, 6.80, 'entrevista', '2023-10-02');
INSERT INTO Recibir VALUES (6, 'A12345678', 'CV revisat', NULL, '2023-10-18', 3.25, 'vist', '2023-10-01');
INSERT INTO Recibir VALUES (7, 'C45678912', 'Entrevista tècnica', '2023-10-14', '2023-10-22', 9.65, 'acceptat', '2023-10-03');
INSERT INTO Recibir VALUES (7, 'D78912345', 'Contacte telefònic', NULL, NULL, 8.30, 'rebutjat', '2023-10-04');
INSERT INTO Recibir VALUES (8, 'F65498732', 'Entrevista presencial', '2023-10-20', '2023-10-28', 8.95, 'acceptat', '2023-10-06');
INSERT INTO Recibir VALUES (8, 'E32165498', 'Seguiment per correu', NULL, NULL, 5.90, 'vist', '2023-10-05');
INSERT INTO Recibir VALUES (9, 'H32178965', 'Perfil revisat', NULL, NULL, 6.10, 'acceptat', '2023-10-08');
INSERT INTO Recibir VALUES (9, 'G78945612', 'Entrevista online', '2023-10-22', '2023-10-30', 4.60, 'rebutjat', '2023-10-07');
INSERT INTO Recibir VALUES (10, 'I65432178', 'Entrevista final', '2023-10-26', '2023-11-05', 9.85, 'vist', '2023-10-09');
INSERT INTO Recibir VALUES (10, 'J98732165', 'Contacte per email', NULL, NULL, 7.45, 'rebutjat', '2023-10-10');
INSERT INTO Recibir VALUES (11, 'A12345678', 'Entrevista RRHH', '2023-10-30', '2023-11-08', 8.70, 'entrevista', '2023-10-11');
INSERT INTO Recibir VALUES (11, 'B98765432', 'Entrevista tècnica', NULL, NULL, 6.55, 'vist', '2023-10-12');
INSERT INTO Recibir VALUES (12, 'D78912345', 'Entrevista online', '2023-11-05', '2023-11-14', 7.80, 'acceptat', '2023-10-14');
INSERT INTO Recibir VALUES (12, 'C45678912', 'Resposta automàtica', NULL, '2023-11-12', 3.90, 'rebutjat', '2023-10-13');
INSERT INTO Recibir VALUES (13, 'E32165498', 'Contacte inicial', '2023-11-07', '2023-11-16', 8.55, 'vist', '2023-10-15');
INSERT INTO Recibir VALUES (14, 'F65498732', 'Entrevista presencial', '2023-11-09', '2023-11-18', 9.10, 'entrevista', '2023-10-16');

INSERT INTO Tecnologia VALUES ('TEC001', 'Inteligencia Artificial');
INSERT INTO Tecnologia VALUES ('TEC002', 'Blockchain');
INSERT INTO Tecnologia VALUES ('TEC003', 'Computación en la Nube');
INSERT INTO Tecnologia VALUES ('TEC004', 'Internet de las Cosas (IoT)');
INSERT INTO Tecnologia VALUES ('TEC005', 'Realidad Aumentada');
INSERT INTO Tecnologia VALUES ('TEC006', 'Realidad Virtual');
INSERT INTO Tecnologia VALUES ('TEC007', 'Big Data');
INSERT INTO Tecnologia VALUES ('TEC008', 'Ciberseguridad');
INSERT INTO Tecnologia VALUES ('TEC009', 'Robótica');

INSERT INTO Buscar VALUES ('TEC001', 'A12345678'); 
INSERT INTO Buscar VALUES ('TEC002', 'B98765432');
INSERT INTO Buscar VALUES ('TEC003', 'C45678912');
INSERT INTO Buscar VALUES ('TEC004', 'D78912345');
INSERT INTO Buscar VALUES ('TEC005', 'E32165498');
INSERT INTO Buscar VALUES ('TEC006', 'F65498732');
INSERT INTO Buscar VALUES ('TEC007', 'G78945612');
INSERT INTO Buscar VALUES ('TEC008', 'H32178965');
INSERT INTO Buscar VALUES ('TEC009', 'I65432178');
INSERT INTO Buscar VALUES ('TEC001', 'J98732165');

INSERT INTO Dominar VALUES ('TEC001', '34812322W');
INSERT INTO Dominar VALUES ('TEC002', '34812324J');
INSERT INTO Dominar VALUES ('TEC003', '34870225M');
INSERT INTO Dominar VALUES ('TEC004', '34819182W');
INSERT INTO Dominar VALUES ('TEC005', '34738328W');
INSERT INTO Dominar VALUES ('TEC006', '34813291W');
INSERT INTO Dominar VALUES ('TEC007', '34812330P');
INSERT INTO Dominar VALUES ('TEC008', '34812332W');
INSERT INTO Dominar VALUES ('TEC009', '34812830W');
INSERT INTO Dominar VALUES ('TEC001', '34812334E');
INSERT INTO Dominar VALUES ('TEC002', '34813212Z');
INSERT INTO Dominar VALUES ('TEC003', '34812539P');
INSERT INTO Dominar VALUES ('TEC004', '69641824D');
INSERT INTO Dominar VALUES ('TEC005', '84662753Y');
INSERT INTO Dominar VALUES ('TEC006', '87271607Q');
INSERT INTO Dominar VALUES ('TEC007', '90592290M');
INSERT INTO Dominar VALUES ('TEC008', '81327694Q');
INSERT INTO Dominar VALUES ('TEC009', '01924253G');